1,Artist Type,2,Music Director,NULL,NULL,NULL
1,Artist Type,3,Classical Composer,NULL,NULL,NULL
1,Artist Type,4,Lyricist,NULL,NULL,NULL
1,Artist Type,5,Vocalist / Singer,NULL,NULL,NULL
1,Artist Type,6,Instrumentalist,NULL,NULL,NULL
2,Music Director,NULL,NULL,NULL,NULL,1
3,Classical Composer,NULL,NULL,NULL,NULL,1
4,Lyricist,NULL,NULL,NULL,NULL,1
5,Vocalist / Singer,NULL,NULL,NULL,NULL,1
6,Instrumentalist,NULL,NULL,NULL,NULL,1
7,Instrument Type,8,Wind Instrument,9,Bansuri,NULL
7,Instrument Type,8,Wind Instrument,10,Venu,NULL
7,Instrument Type,8,Wind Instrument,11,Shehnai,NULL
7,Instrument Type,8,Wind Instrument,12,Nadaswaram,NULL
7,Instrument Type,8,Wind Instrument,13,Pungi / Been,NULL
7,Instrument Type,8,Wind Instrument,14,Algoza,NULL
7,Instrument Type,8,Wind Instrument,15,Sundari,NULL
7,Instrument Type,8,Wind Instrument,16,Shankh (Conch shell),NULL
7,Instrument Type,8,Wind Instrument,17,Mashak / Titti,NULL
7,Instrument Type,8,Wind Instrument,18,Nagphani,NULL
7,Instrument Type,19,String Instrument,20,Sitar,NULL
7,Instrument Type,19,String Instrument,21,Guitar,NULL
7,Instrument Type,19,String Instrument,22,Sarod,NULL
7,Instrument Type,19,String Instrument,23,Veena,NULL
7,Instrument Type,19,String Instrument,24,Tanpura,NULL
7,Instrument Type,19,String Instrument,25,Esraj,NULL
7,Instrument Type,19,String Instrument,32,Kamaicha,NULL
7,Instrument Type,19,String Instrument,33,Mayuri,NULL
7,Instrument Type,19,String Instrument,34,Mandolin,NULL
7,Instrument Type,19,String Instrument,35,Gottuvadhyam / Chitravina,NULL
7,Instrument Type,19,String Instrument,26,Sarangi,NULL
7,Instrument Type,19,String Instrument,27,Violin,NULL
7,Instrument Type,19,String Instrument,28,Dilruba,NULL
7,Instrument Type,19,String Instrument,29,Santoor,NULL
7,Instrument Type,19,String Instrument,30,Rabab,NULL
7,Instrument Type,19,String Instrument,31,Ektara,NULL
7,Instrument Type,36,Percussion Instrument,37,Tabla,NULL
7,Instrument Type,36,Percussion Instrument,38,Mridangam,NULL
7,Instrument Type,36,Percussion Instrument,39,Pakhawaj,NULL
7,Instrument Type,36,Percussion Instrument,40,Dhol,NULL
7,Instrument Type,36,Percussion Instrument,41,Dholak,NULL
7,Instrument Type,36,Percussion Instrument,42,Khol,NULL
7,Instrument Type,36,Percussion Instrument,49,Manjira,NULL
7,Instrument Type,36,Percussion Instrument,50,Ghatam,NULL
7,Instrument Type,36,Percussion Instrument,51,Morsing,NULL
7,Instrument Type,36,Percussion Instrument,52,Jal Tarang,NULL
7,Instrument Type,36,Percussion Instrument,53,Chimta,NULL
7,Instrument Type,36,Percussion Instrument,54,Kartal / Khartal,NULL
7,Instrument Type,36,Percussion Instrument,43,Kanjira,NULL
7,Instrument Type,36,Percussion Instrument,44,Chenda,NULL
7,Instrument Type,36,Percussion Instrument,45,Thavil,NULL
7,Instrument Type,36,Percussion Instrument,46,Madal / Maddale,NULL
7,Instrument Type,36,Percussion Instrument,47,Nagada / Nakkara,NULL
7,Instrument Type,36,Percussion Instrument,48,Duff / Dafli,NULL
7,Instrument Type,55,Electronic & Modern Adaptations,56,Harmonium,NULL
7,Instrument Type,55,Electronic & Modern Adaptations,57,Electric Veena / Electric Mandolin,NULL
7,Instrument Type,55,Electronic & Modern Adaptations,58,Keyboard,NULL
7,Instrument Type,55,Electronic & Modern Adaptations,59,Electronic Tanpura,NULL
8,Wind Instrument,9,Bansuri,NULL,NULL,7
8,Wind Instrument,10,Venu,NULL,NULL,7
8,Wind Instrument,11,Shehnai,NULL,NULL,7
8,Wind Instrument,12,Nadaswaram,NULL,NULL,7
8,Wind Instrument,13,Pungi / Been,NULL,NULL,7
8,Wind Instrument,14,Algoza,NULL,NULL,7
8,Wind Instrument,15,Sundari,NULL,NULL,7
8,Wind Instrument,16,Shankh (Conch shell),NULL,NULL,7
8,Wind Instrument,17,Mashak / Titti,NULL,NULL,7
8,Wind Instrument,18,Nagphani,NULL,NULL,7
9,Bansuri,NULL,NULL,NULL,NULL,8
10,Venu,NULL,NULL,NULL,NULL,8
11,Shehnai,NULL,NULL,NULL,NULL,8
12,Nadaswaram,NULL,NULL,NULL,NULL,8
13,Pungi / Been,NULL,NULL,NULL,NULL,8
14,Algoza,NULL,NULL,NULL,NULL,8
15,Sundari,NULL,NULL,NULL,NULL,8
16,Shankh (Conch shell),NULL,NULL,NULL,NULL,8
17,Mashak / Titti,NULL,NULL,NULL,NULL,8
18,Nagphani,NULL,NULL,NULL,NULL,8
19,String Instrument,20,Sitar,NULL,NULL,7
19,String Instrument,21,Guitar,NULL,NULL,7
19,String Instrument,22,Sarod,NULL,NULL,7
19,String Instrument,23,Veena,NULL,NULL,7
19,String Instrument,24,Tanpura,NULL,NULL,7
19,String Instrument,25,Esraj,NULL,NULL,7
19,String Instrument,32,Kamaicha,NULL,NULL,7
19,String Instrument,33,Mayuri,NULL,NULL,7
19,String Instrument,34,Mandolin,NULL,NULL,7
19,String Instrument,35,Gottuvadhyam / Chitravina,NULL,NULL,7
19,String Instrument,26,Sarangi,NULL,NULL,7
19,String Instrument,27,Violin,NULL,NULL,7
19,String Instrument,28,Dilruba,NULL,NULL,7
19,String Instrument,29,Santoor,NULL,NULL,7
19,String Instrument,30,Rabab,NULL,NULL,7
19,String Instrument,31,Ektara,NULL,NULL,7
20,Sitar,NULL,NULL,NULL,NULL,19
21,Guitar,NULL,NULL,NULL,NULL,19
22,Sarod,NULL,NULL,NULL,NULL,19
23,Veena,NULL,NULL,NULL,NULL,19
24,Tanpura,NULL,NULL,NULL,NULL,19
25,Esraj,NULL,NULL,NULL,NULL,19
26,Sarangi,NULL,NULL,NULL,NULL,19
27,Violin,NULL,NULL,NULL,NULL,19
28,Dilruba,NULL,NULL,NULL,NULL,19
29,Santoor,NULL,NULL,NULL,NULL,19
30,Rabab,NULL,NULL,NULL,NULL,19
31,Ektara,NULL,NULL,NULL,NULL,19
32,Kamaicha,NULL,NULL,NULL,NULL,19
33,Mayuri,NULL,NULL,NULL,NULL,19
34,Mandolin,NULL,NULL,NULL,NULL,19
35,Gottuvadhyam / Chitravina,NULL,NULL,NULL,NULL,19
36,Percussion Instrument,37,Tabla,NULL,NULL,7
36,Percussion Instrument,38,Mridangam,NULL,NULL,7
36,Percussion Instrument,39,Pakhawaj,NULL,NULL,7
36,Percussion Instrument,40,Dhol,NULL,NULL,7
36,Percussion Instrument,41,Dholak,NULL,NULL,7
36,Percussion Instrument,42,Khol,NULL,NULL,7
36,Percussion Instrument,49,Manjira,NULL,NULL,7
36,Percussion Instrument,50,Ghatam,NULL,NULL,7
36,Percussion Instrument,51,Morsing,NULL,NULL,7
36,Percussion Instrument,52,Jal Tarang,NULL,NULL,7
36,Percussion Instrument,53,Chimta,NULL,NULL,7
36,Percussion Instrument,54,Kartal / Khartal,NULL,NULL,7
36,Percussion Instrument,43,Kanjira,NULL,NULL,7
36,Percussion Instrument,44,Chenda,NULL,NULL,7
36,Percussion Instrument,45,Thavil,NULL,NULL,7
36,Percussion Instrument,46,Madal / Maddale,NULL,NULL,7
36,Percussion Instrument,47,Nagada / Nakkara,NULL,NULL,7
36,Percussion Instrument,48,Duff / Dafli,NULL,NULL,7
37,Tabla,NULL,NULL,NULL,NULL,36
38,Mridangam,NULL,NULL,NULL,NULL,36
39,Pakhawaj,NULL,NULL,NULL,NULL,36
40,Dhol,NULL,NULL,NULL,NULL,36
41,Dholak,NULL,NULL,NULL,NULL,36
42,Khol,NULL,NULL,NULL,NULL,36
43,Kanjira,NULL,NULL,NULL,NULL,36
44,Chenda,NULL,NULL,NULL,NULL,36
45,Thavil,NULL,NULL,NULL,NULL,36
46,Madal / Maddale,NULL,NULL,NULL,NULL,36
47,Nagada / Nakkara,NULL,NULL,NULL,NULL,36
48,Duff / Dafli,NULL,NULL,NULL,NULL,36
49,Manjira,NULL,NULL,NULL,NULL,36
50,Ghatam,NULL,NULL,NULL,NULL,36
51,Morsing,NULL,NULL,NULL,NULL,36
52,Jal Tarang,NULL,NULL,NULL,NULL,36
53,Chimta,NULL,NULL,NULL,NULL,36
54,Kartal / Khartal,NULL,NULL,NULL,NULL,36
55,Electronic & Modern Adaptations,56,Harmonium,NULL,NULL,7
55,Electronic & Modern Adaptations,57,Electric Veena / Electric Mandolin,NULL,NULL,7
55,Electronic & Modern Adaptations,58,Keyboard,NULL,NULL,7
55,Electronic & Modern Adaptations,59,Electronic Tanpura,NULL,NULL,7
56,Harmonium,NULL,NULL,NULL,NULL,55
57,Electric Veena / Electric Mandolin,NULL,NULL,NULL,NULL,55
58,Keyboard,NULL,NULL,NULL,NULL,55
59,Electronic Tanpura,NULL,NULL,NULL,NULL,55
60,Music Type,61,Odissi,62,Odissi,NULL
60,Music Type,61,Odissi,63,Chhanda,NULL
60,Music Type,61,Odissi,64,Champu,NULL
60,Music Type,65,Hindustani Classical,66,Dhrupad,NULL
60,Music Type,65,Hindustani Classical,67,Khayal,NULL
60,Music Type,65,Hindustani Classical,68,Tarana,NULL
60,Music Type,65,Hindustani Classical,69,Thumri,NULL
60,Music Type,65,Hindustani Classical,70,Tappa,NULL
60,Music Type,65,Hindustani Classical,71,Hori,NULL
60,Music Type,65,Hindustani Classical,72,Semi-classical,NULL
60,Music Type,65,Hindustani Classical,73,Bhajan,NULL
60,Music Type,65,Hindustani Classical,74,Kirtan,NULL
60,Music Type,75,Film Music,76,Romantic / Love,NULL
60,Music Type,75,Film Music,77,"Sad / Emotional / Pathos ",NULL
60,Music Type,75,Film Music,78,Dance / Party,NULL
60,Music Type,75,Film Music,79,Devotional / Bhajan,NULL
60,Music Type,75,Film Music,80,Patriotic,NULL
60,Music Type,75,Film Music,81,Item / Glamour,NULL
60,Music Type,75,Film Music,82,Folk / Regional,NULL
60,Music Type,75,Film Music,83,Theme / Background,NULL
60,Music Type,75,Film Music,84,Reprise / Remixed,NULL
60,Music Type,75,Film Music,85,Motivational / Inspirational,NULL
60,Music Type,86,Folk Music,87,Bihu  (Assam),NULL
60,Music Type,86,Folk Music,88,Pandavani (Chhattisgarh),NULL
60,Music Type,86,Folk Music,89,Goan (Goa),NULL
60,Music Type,86,Folk Music,90,Gujarati (Gujarat),NULL
60,Music Type,86,Folk Music,91,Haryanvi (Haryana),NULL
60,Music Type,86,Folk Music,92,Dogri (Jammu),NULL
60,Music Type,86,Folk Music,123,Bhopa(Odisha),NULL
60,Music Type,86,Folk Music,124,Prahallada Nataka(Odisha),NULL
60,Music Type,86,Folk Music,125,Bharata Leela(Odisha),NULL
60,Music Type,86,Folk Music,126,Radha Prema Leela(Odisha),NULL
60,Music Type,86,Folk Music,127,Rama Leela(Odisha),NULL
60,Music Type,86,Folk Music,128,Krushna Leela(Odisha),NULL
60,Music Type,86,Folk Music,117,Chhau Nritya(Odisha),NULL
60,Music Type,86,Folk Music,118,Sambalpuri(Odisha),NULL
60,Music Type,86,Folk Music,119,Ghoda Nacha(Odisha),NULL
60,Music Type,86,Folk Music,120,Pala(Odisha),NULL
60,Music Type,86,Folk Music,121,Kathi Nacha(Odisha),NULL
60,Music Type,86,Folk Music,122,Suanga(Odisha),NULL
60,Music Type,86,Folk Music,111,"Bhojpuri  (Uttar Pradesh, Bihar)",NULL
60,Music Type,86,Folk Music,112,Kumaoni & Garhwali  (Uttarakhand),NULL
60,Music Type,86,Folk Music,113,Baul  (West Bengal),NULL
60,Music Type,86,Folk Music,114,"Bhatiali (West Bengal, Bangladesh)",NULL
60,Music Type,86,Folk Music,115,Dalkhai(Odisha),NULL
60,Music Type,86,Folk Music,116,Bhatiali(Odisha),NULL
60,Music Type,86,Folk Music,105,Odia  Music (Odisha),NULL
60,Music Type,86,Folk Music,106,Rajasthani  (Rajasthan),NULL
60,Music Type,86,Folk Music,107," Music Type (Region/Locality)",NULL
60,Music Type,86,Folk Music,108,Villupattu (Tamil Nadu),NULL
60,Music Type,86,Folk Music,109,Oppari (Tamil Nadu),NULL
60,Music Type,86,Folk Music,110,"Nautanki (UP, MP)",NULL
60,Music Type,86,Folk Music,99,Lavani (Maharashtra),NULL
60,Music Type,86,Folk Music,100,Powada (Maharashtra),NULL
60,Music Type,86,Folk Music,101,Manipuri  (Manipur),NULL
60,Music Type,86,Folk Music,102,Khasi  (Meghalaya),NULL
60,Music Type,86,Folk Music,103,Mizo  (Mizoram),NULL
60,Music Type,86,Folk Music,104,Zeliang & Angami  (Nagaland),NULL
60,Music Type,86,Folk Music,93,"Santal (Jharkhand, Odisha, Bengal)",NULL
60,Music Type,86,Folk Music,94,"Jhumur (Jharkhand, West Bengal, Assam)",NULL
60,Music Type,86,Folk Music,95,Yakshagana  (Karnataka),NULL
60,Music Type,86,Folk Music,96,Janapada Geethe (Karnataka),NULL
60,Music Type,86,Folk Music,97,Padayani  (Kerala),NULL
60,Music Type,86,Folk Music,98,"Gond  (Madhya Pradesh, Chhattisgarh)",NULL
61,Odissi,62,Odissi,NULL,NULL,60
61,Odissi,63,Chhanda,NULL,NULL,60
61,Odissi,64,Champu,NULL,NULL,60
62,Odissi,NULL,NULL,NULL,NULL,61
63,Chhanda,NULL,NULL,NULL,NULL,61
64,Champu,NULL,NULL,NULL,NULL,61
65,Hindustani Classical,66,Dhrupad,NULL,NULL,60
65,Hindustani Classical,67,Khayal,NULL,NULL,60
65,Hindustani Classical,68,Tarana,NULL,NULL,60
65,Hindustani Classical,69,Thumri,NULL,NULL,60
65,Hindustani Classical,70,Tappa,NULL,NULL,60
65,Hindustani Classical,71,Hori,NULL,NULL,60
65,Hindustani Classical,72,Semi-classical,NULL,NULL,60
65,Hindustani Classical,73,Bhajan,NULL,NULL,60
65,Hindustani Classical,74,Kirtan,NULL,NULL,60
66,Dhrupad,NULL,NULL,NULL,NULL,65
67,Khayal,NULL,NULL,NULL,NULL,65
68,Tarana,NULL,NULL,NULL,NULL,65
69,Thumri,NULL,NULL,NULL,NULL,65
70,Tappa,NULL,NULL,NULL,NULL,65
71,Hori,NULL,NULL,NULL,NULL,65
72,Semi-classical,NULL,NULL,NULL,NULL,65
73,Bhajan,NULL,NULL,NULL,NULL,65
74,Kirtan,NULL,NULL,NULL,NULL,65
75,Film Music,76,Romantic / Love,NULL,NULL,60
75,Film Music,77,"Sad / Emotional / Pathos ",NULL,NULL,60
75,Film Music,78,Dance / Party,NULL,NULL,60
75,Film Music,79,Devotional / Bhajan,NULL,NULL,60
75,Film Music,80,Patriotic,NULL,NULL,60
75,Film Music,81,Item / Glamour,NULL,NULL,60
75,Film Music,82,Folk / Regional,NULL,NULL,60
75,Film Music,83,Theme / Background,NULL,NULL,60
75,Film Music,84,Reprise / Remixed,NULL,NULL,60
75,Film Music,85,Motivational / Inspirational,NULL,NULL,60
76,Romantic / Love,NULL,NULL,NULL,NULL,75
77,"Sad / Emotional / Pathos ",NULL,NULL,NULL,NULL,75
78,Dance / Party,NULL,NULL,NULL,NULL,75
79,Devotional / Bhajan,NULL,NULL,NULL,NULL,75
80,Patriotic,NULL,NULL,NULL,NULL,75
81,Item / Glamour,NULL,NULL,NULL,NULL,75
82,Folk / Regional,NULL,NULL,NULL,NULL,75
83,Theme / Background,NULL,NULL,NULL,NULL,75
84,Reprise / Remixed,NULL,NULL,NULL,NULL,75
85,Motivational / Inspirational,NULL,NULL,NULL,NULL,75
86,Folk Music,87,Bihu  (Assam),NULL,NULL,60
86,Folk Music,88,Pandavani (Chhattisgarh),NULL,NULL,60
86,Folk Music,89,Goan (Goa),NULL,NULL,60
86,Folk Music,90,Gujarati (Gujarat),NULL,NULL,60
86,Folk Music,91,Haryanvi (Haryana),NULL,NULL,60
86,Folk Music,92,Dogri (Jammu),NULL,NULL,60
86,Folk Music,123,Bhopa(Odisha),NULL,NULL,60
86,Folk Music,124,Prahallada Nataka(Odisha),NULL,NULL,60
86,Folk Music,125,Bharata Leela(Odisha),NULL,NULL,60
86,Folk Music,126,Radha Prema Leela(Odisha),NULL,NULL,60
86,Folk Music,127,Rama Leela(Odisha),NULL,NULL,60
86,Folk Music,128,Krushna Leela(Odisha),NULL,NULL,60
86,Folk Music,117,Chhau Nritya(Odisha),NULL,NULL,60
86,Folk Music,118,Sambalpuri(Odisha),NULL,NULL,60
86,Folk Music,119,Ghoda Nacha(Odisha),NULL,NULL,60
86,Folk Music,120,Pala(Odisha),NULL,NULL,60
86,Folk Music,121,Kathi Nacha(Odisha),NULL,NULL,60
86,Folk Music,122,Suanga(Odisha),NULL,NULL,60
86,Folk Music,111,"Bhojpuri  (Uttar Pradesh, Bihar)",NULL,NULL,60
86,Folk Music,112,Kumaoni & Garhwali  (Uttarakhand),NULL,NULL,60
86,Folk Music,113,Baul  (West Bengal),NULL,NULL,60
86,Folk Music,114,"Bhatiali (West Bengal, Bangladesh)",NULL,NULL,60
86,Folk Music,115,Dalkhai(Odisha),NULL,NULL,60
86,Folk Music,116,Bhatiali(Odisha),NULL,NULL,60
86,Folk Music,105,Odia  Music (Odisha),NULL,NULL,60
86,Folk Music,106,Rajasthani  (Rajasthan),NULL,NULL,60
86,Folk Music,107," Music Type (Region/Locality)",NULL,NULL,60
86,Folk Music,108,Villupattu (Tamil Nadu),NULL,NULL,60
86,Folk Music,109,Oppari (Tamil Nadu),NULL,NULL,60
86,Folk Music,110,"Nautanki (UP, MP)",NULL,NULL,60
86,Folk Music,99,Lavani (Maharashtra),NULL,NULL,60
86,Folk Music,100,Powada (Maharashtra),NULL,NULL,60
86,Folk Music,101,Manipuri  (Manipur),NULL,NULL,60
86,Folk Music,102,Khasi  (Meghalaya),NULL,NULL,60
86,Folk Music,103,Mizo  (Mizoram),NULL,NULL,60
86,Folk Music,104,Zeliang & Angami  (Nagaland),NULL,NULL,60
86,Folk Music,93,"Santal (Jharkhand, Odisha, Bengal)",NULL,NULL,60
86,Folk Music,94,"Jhumur (Jharkhand, West Bengal, Assam)",NULL,NULL,60
86,Folk Music,95,Yakshagana  (Karnataka),NULL,NULL,60
86,Folk Music,96,Janapada Geethe (Karnataka),NULL,NULL,60
86,Folk Music,97,Padayani  (Kerala),NULL,NULL,60
86,Folk Music,98,"Gond  (Madhya Pradesh, Chhattisgarh)",NULL,NULL,60
87,Bihu  (Assam),NULL,NULL,NULL,NULL,86
88,Pandavani (Chhattisgarh),NULL,NULL,NULL,NULL,86
89,Goan (Goa),NULL,NULL,NULL,NULL,86
90,Gujarati (Gujarat),NULL,NULL,NULL,NULL,86
91,Haryanvi (Haryana),NULL,NULL,NULL,NULL,86
92,Dogri (Jammu),NULL,NULL,NULL,NULL,86
93,"Santal (Jharkhand, Odisha, Bengal)",NULL,NULL,NULL,NULL,86
94,"Jhumur (Jharkhand, West Bengal, Assam)",NULL,NULL,NULL,NULL,86
95,Yakshagana  (Karnataka),NULL,NULL,NULL,NULL,86
96,Janapada Geethe (Karnataka),NULL,NULL,NULL,NULL,86
97,Padayani  (Kerala),NULL,NULL,NULL,NULL,86
98,"Gond  (Madhya Pradesh, Chhattisgarh)",NULL,NULL,NULL,NULL,86
99,Lavani (Maharashtra),NULL,NULL,NULL,NULL,86
100,Powada (Maharashtra),NULL,NULL,NULL,NULL,86
101,Manipuri  (Manipur),NULL,NULL,NULL,NULL,86
102,Khasi  (Meghalaya),NULL,NULL,NULL,NULL,86
103,Mizo  (Mizoram),NULL,NULL,NULL,NULL,86
104,Zeliang & Angami  (Nagaland),NULL,NULL,NULL,NULL,86
105,Odia  Music (Odisha),NULL,NULL,NULL,NULL,86
106,Rajasthani  (Rajasthan),NULL,NULL,NULL,NULL,86
107," Music Type (Region/Locality)",NULL,NULL,NULL,NULL,86
108,Villupattu (Tamil Nadu),NULL,NULL,NULL,NULL,86
109,Oppari (Tamil Nadu),NULL,NULL,NULL,NULL,86
110,"Nautanki (UP, MP)",NULL,NULL,NULL,NULL,86
111,"Bhojpuri  (Uttar Pradesh, Bihar)",NULL,NULL,NULL,NULL,86
112,Kumaoni & Garhwali  (Uttarakhand),NULL,NULL,NULL,NULL,86
113,Baul  (West Bengal),NULL,NULL,NULL,NULL,86
114,"Bhatiali (West Bengal, Bangladesh)",NULL,NULL,NULL,NULL,86
115,Dalkhai(Odisha),NULL,NULL,NULL,NULL,86
116,Bhatiali(Odisha),NULL,NULL,NULL,NULL,86
117,Chhau Nritya(Odisha),NULL,NULL,NULL,NULL,86
118,Sambalpuri(Odisha),NULL,NULL,NULL,NULL,86
119,Ghoda Nacha(Odisha),NULL,NULL,NULL,NULL,86
120,Pala(Odisha),NULL,NULL,NULL,NULL,86
121,Kathi Nacha(Odisha),NULL,NULL,NULL,NULL,86
122,Suanga(Odisha),NULL,NULL,NULL,NULL,86
123,Bhopa(Odisha),NULL,NULL,NULL,NULL,86
124,Prahallada Nataka(Odisha),NULL,NULL,NULL,NULL,86
125,Bharata Leela(Odisha),NULL,NULL,NULL,NULL,86
126,Radha Prema Leela(Odisha),NULL,NULL,NULL,NULL,86
127,Rama Leela(Odisha),NULL,NULL,NULL,NULL,86
128,Krushna Leela(Odisha),NULL,NULL,NULL,NULL,86
